"Column Name","Label"
"GEO_ID","Geographic identifier code"
"NAME","Geographic Area Name"
"GEO_ID_F","Geo Footnote"
"NAICS2017","2017 NAICS code"
"NAICS2017_LABEL","Meaning of NAICS code"
"NAICS2017_F","2017 NAICS Footnote"
"LFO","Legal form of organization code"
"LFO_LABEL","Meaning of Legal form of organization code"
"EMPSZES","Employment size of establishments code"
"EMPSZES_LABEL","Meaning of Employment size of establishments code"
"YEAR","Year"
"ESTAB","Number of establishments"
"ESTAB_F","Flag for number of establishments"
"PAYANN","Annual payroll ($1,000)"
"PAYANN_F","Flag for annual payroll"
"PAYANN_N","Noise range for annual payroll"
"PAYANN_N_F","Flag for Noise range for annual payroll"
"PAYQTR1","First-quarter payroll ($1,000)"
"PAYQTR1_F","Flag for first-quarter payroll"
"PAYQTR1_N","Noise range for first-quarter payroll"
"PAYQTR1_N_F","Flag for Noise range for first-quarter payroll"
"EMP","Number of employees"
"EMP_F","Flag for number of employees"
"EMP_N","Noise range for number of employees"
"EMP_N_F","Flag for Noise range for number of employees "
